#SampleID,BarcodeSequence,LinkerPrimerSequence,Region,barcodenumb,groups,Description,SampleID,OrchardMan,Rep,Distance_cat,Distance_meters
Mycelia43.FM,ACAGACGACG,CTTGGTCATTTAGAGGAAGTAA,ITS,197,STU.Mycelialators,43.FM,Mycelia43.FM,Non-Managed,3,4m,4
MyceliaF.outgroup,TATGTTGACG,CTTGGTCATTTAGAGGAAGTAA,ITS,209,STU.Mycelialators,F.outgroup,MyceliaF.outgroup,Non-Managed,0,out,na
MyceliaF1.4M,TCCAAGCGTC,CTTGGTCATTTAGAGGAAGTAA,ITS,200,STU.Mycelialators,F1.4M,MyceliaF1.4M,Non-Managed,1,4m,4
MyceliaF1.B,AGCTATGTAT,CTTGGTCATTTAGAGGAAGTAA,ITS,202,STU.Mycelialators,F1.B,MyceliaF1.B,Non-Managed,1,0m,0
MyceliaF1.C,AATGGACCGT,CTTGGTCATTTAGAGGAAGTAA,ITS,194,STU.Mycelialators,F1.C,MyceliaF1.C,Non-Managed,1,2m,2
MyceliaF2.4M,CTAGTCGCTG,CTTGGTCATTTAGAGGAAGTAA,ITS,198,STU.Mycelialators,F2.4M,MyceliaF2.4M,Non-Managed,2,4m,4
MyceliaF2.B,GCTTCATTTC,CTTGGTCATTTAGAGGAAGTAA,ITS,201,STU.Mycelialators,F2.B,MyceliaF2.B,Non-Managed,2,0m,0
MyceliaF2.C,CTATTAAGCG,CTTGGTCATTTAGAGGAAGTAA,ITS,212,STU.Mycelialators,F2.C,MyceliaF2.C,Non-Managed,2,2m,2
MyceliaF3.B,CGAGTATACA,CTTGGTCATTTAGAGGAAGTAA,ITS,210,STU.Mycelialators,F3.B,MyceliaF3.B,Non-Managed,3,0m,0
MyceliaF3.C,GAACAAAGAG,CTTGGTCATTTAGAGGAAGTAA,ITS,207,STU.Mycelialators,F3.C,MyceliaF3.C,Non-Managed,3,2m,2
MyceliaO.3B,TCTATGCGAA,CTTGGTCATTTAGAGGAAGTAA,ITS,199,STU.Mycelialators,O.3B,MyceliaO.3B,Managed,3,0m,0
MyceliaO.outgroup,TGATAATGCA,CTTGGTCATTTAGAGGAAGTAA,ITS,206,STU.Mycelialators,O.outgroup,MyceliaO.outgroup,Managed,0,out,na
MyceliaO1.4M,CGTTCAAGCT,CTTGGTCATTTAGAGGAAGTAA,ITS,211,STU.Mycelialators,O1.4M,MyceliaO1.4M,Managed,1,4m,4
MyceliaO1.B,GTTTGCTCGA,CTTGGTCATTTAGAGGAAGTAA,ITS,204,STU.Mycelialators,O1.B,MyceliaO1.B,Managed,1,0m,0
MyceliaO1.C,GGTTGAGAAG,CTTGGTCATTTAGAGGAAGTAA,ITS,208,STU.Mycelialators,O1.C,MyceliaO1.C,Managed,1,2m,2
MyceliaO2.4m,TAGTTCGGTG,CTTGGTCATTTAGAGGAAGTAA,ITS,195,STU.Mycelialators,O2.4m,MyceliaO2.4m,Managed,2,4m,4
MyceliaO2.B,CTACCGATTG,CTTGGTCATTTAGAGGAAGTAA,ITS,196,STU.Mycelialators,O2.B,MyceliaO2.B,Managed,2,0m,0
MyceliaO2.C,AGTTTGCGAG,CTTGGTCATTTAGAGGAAGTAA,ITS,203,STU.Mycelialators,O2.C,MyceliaO2.C,Managed,2,2m,2
MyceliaO3.4m,CATACGATAC,CTTGGTCATTTAGAGGAAGTAA,ITS,205,STU.Mycelialators,O3.4m,MyceliaO3.4m,Managed,3,4m,4
MyceliaO3.C,GCGATCACAC,CTTGGTCATTTAGAGGAAGTAA,ITS,193,STU.Mycelialators,O3.C,MyceliaO3.C,Managed,3,2m,2